mean,std
6.36379e+14,1.94217e+11
