mean,std
6.31409e+14,9.17626e+10
