mean,std
6.42674e+14,2.44217e+11
