mean,std
1.04057e+15,3.31858e+11
