mean,std
6.54274e+14,2.82631e+11
