mean,std
1.56383e+15,5.29822e+12
