mean,std
7.18468e+14,4.67108e+12
