mean,std
7.66926e+14,4.93457e+12
