mean,std
1.49683e+15,3.56191e+12
