mean,std
7.17214e+14,4.62628e+12
