mean,std
7.67782e+14,3.74125e+12
