mean,std
2.18192e+15,3.76696e+12
