mean,std
2.40979e+15,7.03409e+11
