mean,std
6.30971e+14,6.48653e+10
