mean,std
6.35815e+14,2.24401e+11
