mean,std
6.30903e+14,1.33932e+11
