mean,std
7.58508e+14,5.17097e+12
