mean,std
8.07731e+14,3.31463e+11
