mean,std
6.35731e+14,2.47689e+11
