mean,std
6.50631e+14,3.60846e+11
