mean,std
8.07487e+14,3.34516e+11
