mean,std
1.12393e+15,3.65841e+12
