mean,std
1.04046e+15,2.73067e+11
