mean,std
7.15242e+14,3.23291e+12
