mean,std
7.16655e+14,4.23827e+12
