mean,std
2.41025e+15,7.92886e+11
