mean,std
6.35964e+14,1.53536e+11
