mean,std
6.31423e+14,1.29824e+11
