mean,std
2.41002e+15,6.99472e+11
