mean,std
7.61344e+14,1.07642e+12
