mean,std
6.50718e+14,2.13196e+11
