mean,std
1.12254e+15,5.83644e+12
