mean,std
7.67082e+14,4.55935e+12
