mean,std
6.41845e+14,3.63708e+11
