mean,std
6.41838e+14,1.69895e+11
