mean,std
6.73888e+14,7.34794e+11
