mean,std
6.66833e+14,6.20858e+10
