mean,std
7.68287e+14,3.79676e+12
