mean,std
1.49584e+15,4.91598e+12
