mean,std
1.49422e+15,3.71168e+12
