mean,std
6.35763e+14,6.38322e+10
