mean,std
7.61513e+14,1.59284e+12
