mean,std
7.19232e+14,2.99933e+12
