mean,std
7.17271e+14,4.79348e+12
