mean,std
1.95271e+15,5.65957e+12
