mean,std
8.32514e+14,2.25921e+12
