mean,std
1.49457e+15,5.45079e+12
