mean,std
6.30928e+14,7.57729e+10
