mean,std
7.15971e+14,4.30445e+12
