mean,std
8.24575e+14,1.55993e+12
