mean,std
1.12323e+15,3.32772e+12
