mean,std
1.14039e+15,3.25409e+12
