mean,std
6.86729e+14,1.67967e+12
