mean,std
8.07597e+14,2.21503e+11
