mean,std
7.66591e+14,4.62524e+12
