mean,std
7.85511e+14,4.11323e+12
