mean,std
1.98913e+15,4.23697e+12
