mean,std
1.12538e+15,4.68968e+12
