mean,std
6.59479e+14,1.17412e+11
